Country,Number of Nodes,Number of Edges,Number of Components,Diameter,Density,Average Clustering Coefficient,Average Path Length,Assortativity,Modularity,Degree Centrality (mean),Betweenness Centrality (mean),Closeness Centrality (mean),Number of Mature Nodes,Number of Non-Mature Nodes,Number of Partner Nodes,Number of Non-Partner Nodes
PTBR,1912,31299,1,7,0.017132150575067492,0.3198952746693515,2.5323791570055767,-0.2324620970703897,0.2906599041730969,0.017132150575067583,0.0008022927523589422,0.4018566590934307,661,1251,279,1633
DE,9498,153138,1,7,0.0033954267301620203,0.2008857266932269,2.7215711057961074,-0.11517320844827326,0.29249136931312775,0.003395426730161997,0.00018129434559773576,0.3735170309502748,5742,3756,597,8901
ENGB,7126,35324,1,10,0.0013914550620165345,0.13092821901472096,3.6776157289097005,-0.12190796142406476,0.4526080377329371,0.0013914550620164473,0.00037585846840394374,0.2764726476440081,3888,3238,384,6742
ES,4648,59382,1,9,0.005498522726893927,0.22249632592464172,2.883191439556992,-0.18905070803984006,0.40399234143608015,0.005498522726893844,0.0004053360825563916,0.3520787072069527,1360,3288,395,4253
FR,6549,112666,1,7,0.005254594540493715,0.22170550923594232,2.6809907139571783,-0.17815056839344529,0.34153201894999735,0.005254594540493645,0.0002567574024678751,0.37827199649655446,2414,4135,408,6141
RU,4385,37304,1,9,0.00388101440711117,0.16579724241991572,3.0210946408209804,-0.1822888624588276,0.327889460528536,0.0038810144071112457,0.00046112129610335147,0.3371134571460211,1075,3310,474,3911
